player,stat,line
Bijan Robinson,Rush Yards,1075.5
Derrick Henry,Rush Yards,1275.5
Jonathan Taylor,Rush Yards,1300.5
Nick Chubb,Rush Yards,1275.5
Travis Etienne Jr.,Rush Yards,1125.5
Najee Harris,Rush Yards,1050.5
Josh Allen,Rush Yards,600.5
Jalen Hurts,Rush Yards,725.5
Lamar Jackson,Rush Yards,850.5
Jahmyr Gibbs,Rush Yards,599.5
D'Andre Swift,Rush Yards,599.5
Nikola Jokic,Assists,10
Jimmy Butler,Assists,6.5
Jamal Murray,Assists,6.5
Alex Rawls,Bags In,14.5
Blaine Rosier,Bags In,14.5
Cheyenne Bubenheim,Bags In,15
Chris Kingsbury,Bags In,14.5
Cody Johnson,Bags In,14
Jeremy Frazier,Bags In,15
Lamar Ploppert,Bags In,14
Ryan Hart,Bags In,14.5
Sarah Cassidy,Bags In,15
Steve DeRycke,Bags In,15
Tony Hughes,Bags In,14
Zachary Lewis,Bags In,11
Adam Hissner,Bags In,14.5
Austin Schlobohm,Bags In,14.5
Byron Sisson,Bags In,14.5
Curtis Haddox,Bags In,14.5
Eric Anderson,Bags In,14.5
Frank Modlin,Bags In,14.5
Jason Frady,Bags In,14
Josh Hill,Bags In,14
Josh Holland,Bags In,14.5
Justin Doss,Bags In,14.5
Matt Allen,Bags In,14.5
Tyler Parent,Bags In,14
Vincent Frisch,Bags In,14.5
Yetty Irwan,Bags In,14.5
Adrian Brunson,Bags In,14
Connie Altice,Bags In,14.5
David Ryon,Bags In,14
Devon Harbaugh,Bags In,15
Elizabeth Tennyson,Bags In,14
Gage Landis,Bags In,14
Jacob Foreman,Bags In,14.5
Justin Burton Jr,Bags In,14.5
Kenzie Beach,Bags In,14
Matthew Creekkiller,Bags In,14.5
Megan Maupin,Bags In,13.5
Nate Long,Bags In,14
Trey Hunt,Bags In,13.5
Tubby Cobb,Bags In,14
Alex Rawls,Bags In,14.5
Blaine Rosier,Bags In,14.5
Cheyenne Bubenheim,Bags In,15
Chris Kingsbury,Bags In,14.5
Cody Johnson,Bags In,14
Jeremy Frazier,Bags In,15
Lamar Ploppert,Bags In,14
Ryan Hart,Bags In,14.5
Sarah Cassidy,Bags In,15
Steve DeRycke,Bags In,15
Tony Hughes,Bags In,14
Zachary Lewis,Bags In,11
Chris Day,Bags In,14
Chuckie Love,Bags In,14.5
Daniel Walker Jr,Bags In,13.5
Jacob Beamer,Bags In,14.5
Jaime Sanchez,Bags In,14
Jared Kuhfuss,Bags In,11
Jay Rubin,Bags In,14.5
Jeremy Schermerhorn,Bags In,14.5
Joe Kniesteadt,Bags In,15
Jordan Power,Bags In,14.5
Kris Morrison,Bags In,14
Mike Ferreira,Bags In,14.5
Tom Walter,Bags In,13.5
Trevor Kuhfuss,Bags In,14
Alan Rawls,Bags In,14.5
Carter Bennett,Bags In,14.5
Chris Seaton,Bags In,11
Cody Henderson,Bags In,15
David Brown,Bags In,13.5
Eric Zocklein,Bags In,14.5
Hunter Thorne,Bags In,14
Jay Dotson,Bags In,15
Jeremiah Hector,Bags In,15
Koby Costanza,Bags In,14
Tanner Halbert,Bags In,14.5
Trey Baker,Bags In,13.5
Tyce Cobb,Bags In,14
Vanessa Fillingim,Bags In,14
Alec Ryon,Bags In,14.5
Bracey Blanton,Bags In,14
Corey Gilbert,Bags In,14
Dalton Mcklem,Bags In,13.5
James Cumberland,Bags In,14
Jay Corley,Bags In,14
Nick Williams,Bags In,14
Peter Zazueta Jr,Bags In,15
Ricky Gonzales,Bags In,14.5
Rosie Streker,Bags In,15
Ruben Medina,Bags In,14
Tony Smith,Bags In,14.5
Travis Purser,Bags In,15
Zachary Engelken,Bags In,14.5
Anthony Mayball,Bags In,14.5
Austin Reynard,Bags In,14
Brandon Brown,Bags In,14
Cristian Rodriguez,Bags In,11
Emily Downer,Bags In,13.5
Ethan Walker,Bags In,14
Gavin Cano,Bags In,14
Isidro Herrera,Bags In,14.5
Jalen Jones,Bags In,14
John Fuentez,Bags In,14
Matthew Morton,Bags In,10.5
Matthew Troxell,Bags In,14
Ryan Windsor,Bags In,15
Steven Bernacet,Bags In,14.5
Bill Hadley,Bags In,14.5
Branden Davis,Bags In,14.5
Brandon Jones,Bags In,13.5
Christian Brown,Bags In,13.5
Cody Morris,Bags In,14
Corey Ballard,Bags In,14.5
Derek Holland,Bags In,15
Doug Zafft,Bags In,14.5
Florentino Mendoza,Bags In,14
Jeff Reynolds,Bags In,15
Moses Zazueta,Bags In,15
Ryan Tucker,Bags In,14
Steve Schroeder,Bags In,15
Ty Lopez,Bags In,14.5
Berklee Pair,Bags In,14
Chad Hunt,Bags In,14
David Morse,Bags In,11
Dayton Webber,Bags In,14
Derrick King,Bags In,14.5
Erick Davis,Bags In,14.5
James Baldwin,Bags In,14
Jamie Graham,Bags In,14.5
Kaylee Hunter,Bags In,14.5
Kevin Whitaker,Bags In,14.5
Lori Dool,Bags In,14
Mike Harvey,Bags In,14.5
Miranda Coy,Bags In,14
Nick Petuske,Bags In,14
Bobby Hunt,Bags In,14.5
Caleb Franklin,Bags In,14.5
David Searle,Bags In,14
Dean Norton,Bags In,14.5
Duncan Clemmer,Bags In,14
Hunter Yaklin,Bags In,14.5
Isabella Surprenant,Bags In,14.5
Kamryn Belvin,Bags In,14
Ken Smith Jr,Bags In,14
Mark Lopez,Bags In,14
Noah Wooten,Bags In,14.5
Ryan Smith,Bags In,14.5
Terry Mathis,Bags In,14.5
Travis Graven,Bags In,14
Blake Karnick,Bags In,14.5
Brandon Sehlmeyer,Bags In,14.5
Clint Parham,Bags In,14.5
Daniela Luna,Bags In,14
Felix Vargas III,Bags In,14
Jimmy McGuffin,Bags In,15
Jordan Kimbrell,Bags In,14.5
Kevin Allen,Bags In,14
Mark Richards,Bags In,14.5
Nico Mireles,Bags In,15
Philip Lopez Jr.,Bags In,14.5
Rob Vojinov,Bags In,14
Timmy Jonas,Bags In,14.5
Tyler Poythress,Bags In,14.5
Nikola Jokic,Rebounds,12
Jimmy Butler,Rebounds,7
Jamal Murray,Rebounds,5
Bam Adebayo,Rebounds,9.5
Michael Porter Jr.,Rebounds,7.5
Aaron Gordon,Rebounds,6
Alex Rawls,Bags On,5
Blaine Rosier,Bags On,5
Cheyenne Bubenheim,Bags On,4.5
Chris Kingsbury,Bags On,4.5
Clayton Robertson,Bags On,5
Cody Johnson,Bags On,5
Courtney Coy,Bags On,5
Jeremy Frazier,Bags On,4.5
Lamar Ploppert,Bags On,5
Ryan Hart,Bags On,5
Sarah Cassidy,Bags On,4.5
Steve DeRycke,Bags On,4.5
Tony Hughes,Bags On,5
Zachary Lewis,Bags On,5.5
Adam Hissner,Bags On,5
Austin Schlobohm,Bags On,5
Byron Sisson,Bags On,4.5
Curtis Haddox,Bags On,5
Eric Anderson,Bags On,5
Frank Modlin,Bags On,4.5
Jason Frady,Bags On,4.5
Josh Hill,Bags On,5
Josh Holland,Bags On,4.5
Justin Doss,Bags On,5
Matt Allen,Bags On,5
Tyler Parent,Bags On,5
Vincent Frisch,Bags On,5
Yetty Irwan,Bags On,5
Adrian Brunson,Bags On,5
Connie Altice,Bags On,5
David Ryon,Bags On,5
Devon Harbaugh,Bags On,4
Elizabeth Tennyson,Bags On,5
Gage Landis,Bags On,5
Jacob Foreman,Bags On,5
Justin Burton Jr,Bags On,4.5
Kenzie Beach,Bags On,5
Matthew Creekkiller,Bags On,5
Megan Maupin,Bags On,5.5
Nate Long,Bags On,5
Trey Hunt,Bags On,5
Tubby Cobb,Bags On,5
Alex Rawls,Bags On,5
Blaine Rosier,Bags On,5
Cheyenne Bubenheim,Bags On,4.5
Chris Kingsbury,Bags On,4.5
Clayton Robertson,Bags On,5
Cody Johnson,Bags On,5
Courtney Coy,Bags On,5
Jeremy Frazier,Bags On,4.5
Lamar Ploppert,Bags On,5
Ryan Hart,Bags On,5
Sarah Cassidy,Bags On,4.5
Steve DeRycke,Bags On,4.5
Tony Hughes,Bags On,5
Zachary Lewis,Bags On,6
Chris Day,Bags On,5
Chuckie Love,Bags On,5
Daniel Walker Jr,Bags On,5.5
Jacob Beamer,Bags On,4.5
Jaime Sanchez,Bags On,5
Jared Kuhfuss,Bags On,5.5
Jeremy Schermerhorn,Bags On,5
Joe Kniesteadt,Bags On,4.5
Jordan Power,Bags On,4.5
Kris Morrison,Bags On,5
Mike Ferreira,Bags On,5
Tom Walter,Bags On,5.5
Trevor Kuhfuss,Bags On,5
Alan Rawls,Bags On,4.5
Carter Bennett,Bags On,4.5
Chris Seaton,Bags On,5
Cody Henderson,Bags On,4.5
David Brown,Bags On,5
Eric Zocklein,Bags On,5
Hunter Thorne,Bags On,5
Jay Dotson,Bags On,4.5
Jeremiah Hector,Bags On,4.5
Koby Costanza,Bags On,5
Tanner Halbert,Bags On,4.5
Trey Baker,Bags On,5.5
Tyce Cobb,Bags On,5
Vanessa Fillingim,Bags On,5
Alec Ryon,Bags On,5
Bracey Blanton,Bags On,5
Corey Gilbert,Bags On,5
Dalton Mcklem,Bags On,5.5
James Cumberland,Bags On,5
Jay Corley,Bags On,5
Nick Williams,Bags On,5
Peter Zazueta Jr,Bags On,4.5
Ricky Gonzales,Bags On,5
Rosie Streker,Bags On,4.5
Ruben Medina,Bags On,5
Tony Smith,Bags On,5
Travis Purser,Bags On,4.5
Zachary Engelken,Bags On,5
Anthony Mayball,Bags On,4.5
Austin Reynard,Bags On,5
Brandon Brown,Bags On,5
Cristian Rodriguez,Bags On,6
Emily Downer,Bags On,5.5
Ethan Walker,Bags On,5.5
Gavin Cano,Bags On,5
Isidro Herrera,Bags On,5
Jalen Jones,Bags On,5
John Fuentez,Bags On,5
Matthew Morton,Bags On,6
Matthew Troxell,Bags On,5
Ryan Windsor,Bags On,4.5
Steven Bernacet,Bags On,4.5
Bill Hadley,Bags On,4.5
Branden Davis,Bags On,5
Brandon Jones,Bags On,5.5
Christian Brown,Bags On,5.5
Cody Morris,Bags On,5
Corey Ballard,Bags On,5
Derek Holland,Bags On,4.5
Doug Zafft,Bags On,5
Florentino Mendoza,Bags On,5
Jeff Reynolds,Bags On,4.5
Moses Zazueta,Bags On,4.5
Ryan Tucker,Bags On,5
Steve Schroeder,Bags On,4.5
Ty Lopez,Bags On,5
Berklee Pair,Bags On,5
Chad Hunt,Bags On,5.5
David Morse,Bags On,6
Dayton Webber,Bags On,4.5
Derrick King,Bags On,4.5
Erick Davis,Bags On,5
James Baldwin,Bags On,5
Jamie Graham,Bags On,4.5
Kaylee Hunter,Bags On,5
Kevin Whitaker,Bags On,4.5
Lori Dool,Bags On,5.5
Mike Harvey,Bags On,5
Miranda Coy,Bags On,5
Nick Petuske,Bags On,5
Bobby Hunt,Bags On,5
Caleb Franklin,Bags On,5
David Searle,Bags On,5
Dean Norton,Bags On,4.5
Duncan Clemmer,Bags On,4.5
Hunter Yaklin,Bags On,5
Isabella Surprenant,Bags On,5
Kamryn Belvin,Bags On,5
Ken Smith Jr,Bags On,5
Mark Lopez,Bags On,5
Noah Wooten,Bags On,5
Ryan Smith,Bags On,5
Terry Mathis,Bags On,4.5
Travis Graven,Bags On,5
Blake Karnick,Bags On,5
Brandon Sehlmeyer,Bags On,5
Clint Parham,Bags On,5
Daniela Luna,Bags On,5.5
Felix Vargas III,Bags On,5
Jimmy McGuffin,Bags On,4.5
Jordan Kimbrell,Bags On,5
Kevin Allen,Bags On,5.5
Mark Richards,Bags On,4.5
Nico Mireles,Bags On,4.5
Philip Lopez Jr.,Bags On,5
Rob Vojinov,Bags On,5
Timmy Jonas,Bags On,5
Tyler Poythress,Bags On,4.5
Nikola Jokic,Rebs+Asts,22.5
Jimmy Butler,Rebs+Asts,13.5
Jamal Murray,Rebs+Asts,12
Bam Adebayo,Rebs+Asts,13.5
Michael Porter Jr.,Rebs+Asts,8.5
Aaron Gordon,Rebs+Asts,8.5
Holger Vitus Nodskov Rune,Total Games,38
Tomas Martin Etcheverry,Total Games,35
Alexander Zverev,Total Games,39
Coco Gauff,Total Games,19.5
Iga Swiatek,Total Games,16
Andy Murray,Total Games,20
Christopher O'Connell,Total Games,24.5
Jason Kubler,Total Games,22.5
Jiri Vesely,Total Games,24
Michael Porter Jr.,3-PT Made,2.5
Aaron Gordon,3-PT Made,0.5
Kentavious Caldwell-Pope,3-PT Made,1.5
Aaron Rodgers,Pass Yards,4050.5
Patrick Mahomes,Pass Yards,4800.5
Josh Allen,Pass Yards,4375.5
Joe Burrow,Pass Yards,4500.5
Justin Herbert,Pass Yards,4675.5
Trevor Lawrence,Pass Yards,4175.5
Jalen Hurts,Pass Yards,3675.5
Lamar Jackson,Pass Yards,3625.5
Bryce Young,Pass Yards,3500.5
C.J. Stroud,Pass Yards,3425.5
Anthony Richardson,Pass Yards,2599.5
Dak Prescott,Pass Yards,4175.5
Deshaun Watson,Pass Yards,3625.5
Tua Tagovailoa,Pass Yards,3999.5
Russell Wilson,Pass Yards,3875.5
Derek Carr,Pass Yards,3875.5
Kirk Cousins,Pass Yards,4275.5
Geno Smith,Pass Yards,3899.5
Justin Fields,Pass Yards,2930.5
Mac Jones,Pass Yards,3399.5
Daniel Jones,Pass Yards,3275.5
Jordan Love,Pass Yards,3375.5
Kenny Pickett,Pass Yards,3300.5
Desmond Ridder,Pass Yards,2575.5
Aleksander Barkov,Faceoffs Won,12
William Karlsson,Faceoffs Won,7.5
Anton Lundell,Faceoffs Won,5
Chandler Stephenson,Faceoffs Won,7.5
Sam Bennett,Faceoffs Won,5.5
Jack Eichel,Faceoffs Won,6
Rafael Devers,Hitter Fantasy Score,6.5
Wander Franco,Hitter Fantasy Score,8.5
Masataka Yoshida,Hitter Fantasy Score,6.5
Yandy Díaz,Hitter Fantasy Score,7.5
Bryce Harper,Hitter Fantasy Score,8.5
Javier Báez,Hitter Fantasy Score,5.5
Trea Turner,Hitter Fantasy Score,7.5
Kyle Schwarber,Hitter Fantasy Score,7.5
Bobby Witt Jr.,Hitter Fantasy Score,8
Bryan De La Cruz,Hitter Fantasy Score,7.5
Salvador Perez,Hitter Fantasy Score,6.5
Jorge Soler,Hitter Fantasy Score,7
Andrew McCutchen,Hitter Fantasy Score,7.5
Bryan Reynolds,Hitter Fantasy Score,7.5
Yordan Alvarez,Hitter Fantasy Score,7.5
Vladimir Guerrero Jr.,Hitter Fantasy Score,7.5
Alex Bregman,Hitter Fantasy Score,7
Bo Bichette,Hitter Fantasy Score,8
Kyle Tucker,Hitter Fantasy Score,7
George Springer,Hitter Fantasy Score,7.5
Jonathan India,Hitter Fantasy Score,7.5
Christian Yelich,Hitter Fantasy Score,7.5
Matt McLain,Hitter Fantasy Score,7.5
Corey Seager,Hitter Fantasy Score,7.5
Nolan Arenado,Hitter Fantasy Score,7.5
Marcus Semien,Hitter Fantasy Score,7.5
Paul Goldschmidt,Hitter Fantasy Score,7.5
Fernando Tatis Jr.,Hitter Fantasy Score,8
Dansby Swanson,Hitter Fantasy Score,7
Juan Soto,Hitter Fantasy Score,7
Nico Hoerner,Hitter Fantasy Score,7
Aaron Nola,Pitcher Strikeouts,7
Alek Manoah,Pitcher Strikeouts,4.5
Brandon Bielak,Pitcher Strikeouts,3
Martín Pérez,Pitcher Strikeouts,4
Blake Snell,Pitcher Strikeouts,7
Kyle Hendricks,Pitcher Strikeouts,3.5
Jamal Murray,Blks+Stls,1.5
Max Strus,Blks+Stls,0.5
Holger Vitus Nodskov Rune,Fantasy Score,21.5
Tomas Martin Etcheverry,Fantasy Score,24
Alexander Zverev,Fantasy Score,20.5
Coco Gauff,Fantasy Score,21
Iga Swiatek,Fantasy Score,24
Andy Murray,Fantasy Score,24
Christopher O'Connell,Fantasy Score,17
Jason Kubler,Fantasy Score,19.5
Jiri Vesely,Fantasy Score,17
hype,MAP 3 Headshots,7
bobeksde,MAP 3 Headshots,11
spooke,MAP 3 Headshots,10
tomiko,MAP 3 Headshots,10
Enzo,MAP 3 Headshots,6.5
asran,MAP 3 Headshots,8.5
Rainwaker,MAP 3 Headshots,7.5
REDSTAR,MAP 3 Headshots,9.5
dennyslaw,MAP 3 Headshots,6
J3nsyy,MAP 3 Headshots,5.5
notaN,MAP 3 Headshots,9
Tauson,MAP 3 Headshots,8.5
ragga,MAP 3 Headshots,9.5
BTN,MAP 3 Headshots,6.5
MoDo,MAP 3 Headshots,6
mwlky,MAP 3 Headshots,5.5
s0und,MAP 3 Headshots,11
Snax,MAP 3 Headshots,7.5
br0,MAP 3 Headshots,11
Kristou,MAP 3 Headshots,6
MistR,MAP 3 Headshots,8
casey,MAP 3 Headshots,10
olimp,MAP 3 Headshots,9
sNx,MAP 3 Headshots,8.5
MATYS,MAP 3 Headshots,13
sAvana1,MAP 3 Headshots,9.5
Blogg1s,MAP 3 Headshots,6
reiko,MAP 3 Headshots,9.5
Sobol,MAP 3 Headshots,10
SaMey,MAP 3 Headshots,6.5
Soulfly,MAP 3 Headshots,9.5
kory,MAP 3 Headshots,9
ScrunK,MAP 3 Headshots,7.5
nilo,MAP 3 Headshots,10.5
eraa,MAP 3 Headshots,6
LNZ,MAP 3 Headshots,8.5
Aaron Gordon,Blocked Shots,0.5
Aaron Ekblad,Blocked Shots,1.5
Alec Martinez,Blocked Shots,2.5
Brandon Montour,Blocked Shots,1.5
Alex Pietrangelo,Blocked Shots,2.5
Gustav Forsling,Blocked Shots,1.5
Tomas Martin Etcheverry,3rd Set - Total Games,9.5
Alexander Zverev,3rd Set - Total Games,9.5
Aaron Ekblad,Shots On Goal,2
Alex Pietrangelo,Shots On Goal,2
Aleksander Barkov,Shots On Goal,2.5
Ivan Barbashev,Shots On Goal,1.5
Anthony Duclair,Shots On Goal,2
Jack Eichel,Shots On Goal,3
Brandon Montour,Shots On Goal,3
Jonathan Marchessault,Shots On Goal,3
Carter Verhaeghe,Shots On Goal,3
Mark Stone,Shots On Goal,2
Gustav Forsling,Shots On Goal,2
Nicolas Roy,Shots On Goal,1.5
Matthew Tkachuk,Shots On Goal,3.5
Reilly Smith,Shots On Goal,2
Sam Bennett,Shots On Goal,3
Shea Theodore,Shots On Goal,2
Sam Reinhart,Shots On Goal,2.5
William Karlsson,Shots On Goal,2
Eric Staal,Shots On Goal,0.5
Keegan Kolesar,Shots On Goal,0.5
ragga,MAPS 1-2 Headshots,19
BTN,MAPS 1-2 Headshots,13.5
MoDo,MAPS 1-2 Headshots,12
mwlky,MAPS 1-2 Headshots,11.5
s0und,MAPS 1-2 Headshots,22
Snax,MAPS 1-2 Headshots,15.5
br0,MAPS 1-2 Headshots,22
Kristou,MAPS 1-2 Headshots,12.5
MistR,MAPS 1-2 Headshots,16
casey,MAPS 1-2 Headshots,20.5
olimp,MAPS 1-2 Headshots,18
sNx,MAPS 1-2 Headshots,17
MATYS,MAPS 1-2 Headshots,26.5
sAvana1,MAPS 1-2 Headshots,19.5
Blogg1s,MAPS 1-2 Headshots,12
reiko,MAPS 1-2 Headshots,19
Sobol,MAPS 1-2 Headshots,20
SaMey,MAPS 1-2 Headshots,13
Soulfly,MAPS 1-2 Headshots,19.5
kory,MAPS 1-2 Headshots,18.5
ScrunK,MAPS 1-2 Headshots,16
nilo,MAPS 1-2 Headshots,21
eraa,MAPS 1-2 Headshots,12.5
LNZ,MAPS 1-2 Headshots,17
Holger Vitus Nodskov Rune,Aces,3
Francisco Cerundolo,Aces,2.5
Tomas Martin Etcheverry,Aces,7.5
Yoshihito Nishioka,Aces,1.5
Alexander Zverev,Aces,9
Grigor Dimitrov,Aces,4.5
Coco Gauff,Aces,2
Anna Karolina Schmiedlova,Aces,0.5
Iga Swiatek,Aces,1
Jake Marisnick,Total Bases,0.5
Nick Castellanos,Total Bases,1.5
Nick Maton,Total Bases,0.5
Trea Turner,Total Bases,1.5
Jonathan Davis,Total Bases,0.5
Luis Arraez,Total Bases,1.5
Austin Hedges,Total Bases,0.5
Bryan Reynolds,Total Bases,1.5
Bo Bichette,Total Bases,1.5
Vladimir Guerrero Jr.,Total Bases,1.5
Mike Brosseau,Total Bases,0.5
Will Benson,Total Bases,0.5
Corey Seager,Total Bases,1.5
Nolan Arenado,Total Bases,1.5
Marcus Semien,Total Bases,1.5
Christopher Morel,Total Bases,0.5
Fernando Tatis Jr.,Total Bases,1.5
Mike Tauchman,Total Bases,0.5
Trent Grisham,Total Bases,0.5
Tomas Martin Etcheverry,1st Set - Total Games,9.5
Alexander Zverev,1st Set - Total Games,9.5
hype,MAP 3 Kills,20.5
bobeksde,MAP 3 Kills,18.5
spooke,MAP 3 Kills,18.5
tomiko,MAP 3 Kills,18
Enzo,MAP 3 Kills,17
asran,MAP 3 Kills,17
Rainwaker,MAP 3 Kills,20
REDSTAR,MAP 3 Kills,19
dennyslaw,MAP 3 Kills,18.5
J3nsyy,MAP 3 Kills,19
notaN,MAP 3 Kills,17.5
Tauson,MAP 3 Kills,17
ragga,MAP 3 Kills,18.5
BTN,MAP 3 Kills,14
MoDo,MAP 3 Kills,19.5
mwlky,MAP 3 Kills,19.5
s0und,MAP 3 Kills,18
Snax,MAP 3 Kills,17.5
br0,MAP 3 Kills,18
Kristou,MAP 3 Kills,16.5
MistR,MAP 3 Kills,18.5
casey,MAP 3 Kills,19.5
olimp,MAP 3 Kills,18
sNx,MAP 3 Kills,15.5
MATYS,MAP 3 Kills,22
sAvana1,MAP 3 Kills,17.5
Blogg1s,MAP 3 Kills,19.5
reiko,MAP 3 Kills,21
Sobol,MAP 3 Kills,19.5
SaMey,MAP 3 Kills,18.5
Soulfly,MAP 3 Kills,18.5
kory,MAP 3 Kills,18
ScrunK,MAP 3 Kills,16
nilo,MAP 3 Kills,20.5
eraa,MAP 3 Kills,17.5
LNZ,MAP 3 Kills,16.5
TA2000,MAP 3 Kills,5.5
No!ob,MAP 3 Kills,5.5
miCKe,MAP 3 Kills,7
Nisha,MAP 3 Kills,7.5
Shad,MAP 3 Kills,4.5
Adzantick,MAP 3 Kills,6.5
watson,MAP 3 Kills,7.5
Stormstormer,MAP 3 Kills,5.5
Nikola Jokic,Points,28.5
Nikola Jokic,Points,14.5
Jimmy Butler,Points,12
Jimmy Butler,Points,25.5
Jamal Murray,Points,25.5
Jamal Murray,Points,12.5
Bam Adebayo,Points,18.5
Bam Adebayo,Points,9.5
Michael Porter Jr.,Points,14.5
Michael Porter Jr.,Points,7.5
Gabe Vincent,Points,13.5
Gabe Vincent,Points,7.5
Aaron Gordon,Points,6.5
Aaron Gordon,Points,13.5
Max Strus,Points,5
Max Strus,Points,9.5
Bruce Brown,Points,10.5
Bruce Brown,Points,5.5
Kentavious Caldwell-Pope,Points,5
Kentavious Caldwell-Pope,Points,9.5
ragga,MAPS 1-2 Kills,37
BTN,MAPS 1-2 Kills,28.5
MoDo,MAPS 1-2 Kills,39
mwlky,MAPS 1-2 Kills,39
s0und,MAPS 1-2 Kills,36
Snax,MAPS 1-2 Kills,35
br0,MAPS 1-2 Kills,37.5
Kristou,MAPS 1-2 Kills,33.5
MistR,MAPS 1-2 Kills,37
casey,MAPS 1-2 Kills,40.5
olimp,MAPS 1-2 Kills,37.5
sNx,MAPS 1-2 Kills,33.5
MATYS,MAPS 1-2 Kills,44
sAvana1,MAPS 1-2 Kills,35
Blogg1s,MAPS 1-2 Kills,39.5
reiko,MAPS 1-2 Kills,42.5
Sobol,MAPS 1-2 Kills,39
SaMey,MAPS 1-2 Kills,37.5
Soulfly,MAPS 1-2 Kills,37
kory,MAPS 1-2 Kills,36.5
ScrunK,MAPS 1-2 Kills,30.5
nilo,MAPS 1-2 Kills,41
eraa,MAPS 1-2 Kills,35.5
LNZ,MAPS 1-2 Kills,33.5
TA2000,MAPS 1-2 Kills,11
No!ob,MAPS 1-2 Kills,11
miCKe,MAPS 1-2 Kills,14
Nisha,MAPS 1-2 Kills,14.5
Shad,MAPS 1-2 Kills,9
Adzantick,MAPS 1-2 Kills,13
watson,MAPS 1-2 Kills,15.5
Stormstormer,MAPS 1-2 Kills,11
Aaron Gordon,Steals,0.5
Nikola Jokic,Pts+Rebs+Asts,50.5
Nikola Jokic,Pts+Rebs+Asts,25.5
Jimmy Butler,Pts+Rebs+Asts,18.5
Jimmy Butler,Pts+Rebs+Asts,38.5
Jamal Murray,Pts+Rebs+Asts,19
Jamal Murray,Pts+Rebs+Asts,37.5
Bam Adebayo,Pts+Rebs+Asts,32.5
Bam Adebayo,Pts+Rebs+Asts,16.5
Michael Porter Jr.,Pts+Rebs+Asts,12
Michael Porter Jr.,Pts+Rebs+Asts,23.5
Gabe Vincent,Pts+Rebs+Asts,19.5
Gabe Vincent,Pts+Rebs+Asts,10.5
Aaron Gordon,Pts+Rebs+Asts,12
Aaron Gordon,Pts+Rebs+Asts,21.5
Bruce Brown,Pts+Rebs+Asts,16.5
Bruce Brown,Pts+Rebs+Asts,8.5
Nikola Jokic,Pts+Rebs,40.5
Jimmy Butler,Pts+Rebs,32.5
Jamal Murray,Pts+Rebs,30.5
Bam Adebayo,Pts+Rebs,28.5
Michael Porter Jr.,Pts+Rebs,22.5
Gabe Vincent,Pts+Rebs,15.5
Aaron Gordon,Pts+Rebs,19.5
Max Strus,Pts+Rebs,12.5
Bruce Brown,Pts+Rebs,14.5
Kentavious Caldwell-Pope,Pts+Rebs,12.5
Jamal Murray,Turnovers,2.5
Bam Adebayo,Turnovers,2.5
Matthew Tkachuk,Time On Ice,20.5
Jack Eichel,Time On Ice,19.5
Aleksander Barkov,Time On Ice,21.75
William Karlsson,Time On Ice,17
Aaron Ekblad,Time On Ice,23
Shea Theodore,Time On Ice,20
Brandon Montour,Time On Ice,25.25
Alex Pietrangelo,Time On Ice,22.75
Keegan Kolesar,Hits,3.5
Radko Gudas,Hits,4.5
William Karlsson,Hits,0.5
Aaron Ekblad,Hits,1.5
Nicolas Roy,Hits,1.5
Nick Cousins,Hits,2.5
Ivan Barbashev,Hits,3.5
Shea Theodore,Hits,0.5
Ryan Lomberg,Hits,3
William Carrier,Hits,3
Eric Staal,Hits,0.5
Holger Vitus Nodskov Rune,Break Points Won,5.5
Tomas Martin Etcheverry,Break Points Won,6
Alexander Zverev,Break Points Won,4
Coco Gauff,Break Points Won,5
Iga Swiatek,Break Points Won,5.5
Tomas Martin Etcheverry,2nd Set - Total Games,9.5
Alexander Zverev,2nd Set - Total Games,9.5
Justin Jefferson,Receiving Yards,1450.5
Tyreek Hill,Receiving Yards,1299.5
Ja'Marr Chase,Receiving Yards,1325.5
Travis Kelce,Receiving Yards,1150.5
Stefon Diggs,Receiving Yards,1225.5
CeeDee Lamb,Receiving Yards,1225.5
Davante Adams,Receiving Yards,1250.5
Amon-Ra St. Brown	,Receiving Yards,1150.5
DK Metcalf,Receiving Yards,999.5
AJ Brown,Receiving Yards,1150.5
Devonta Smith,Receiving Yards,1100.5
Garrett Wilson,Receiving Yards,1149.5
Jaxon Smith-Njigba,Receiving Yards,799.5
Quentin Johnston ,Receiving Yards,650.5
Zay Flowers,Receiving Yards,625.5
Jordan Addison,Receiving Yards,825.5
Odell Beckham Jr.,Receiving Yards,575.5
Alex Rawls,Four Baggers,1.5
Chris Kingsbury,Four Baggers,1.5
Ryan Hart,Four Baggers,1.5
Sarah Cassidy,Four Baggers,1.5
Steve DeRycke,Four Baggers,1.5
Adam Hissner,Four Baggers,1.5
Austin Schlobohm,Four Baggers,1.5
Byron Sisson,Four Baggers,1.5
Eric Anderson,Four Baggers,1.5
Frank Modlin,Four Baggers,1.5
Josh Hill,Four Baggers,1.5
Josh Holland,Four Baggers,1.5
Matt Allen,Four Baggers,1.5
Vincent Frisch,Four Baggers,1.5
Yetty Irwan,Four Baggers,1.5
Connie Altice,Four Baggers,1.5
David Ryon,Four Baggers,1.5
Gage Landis,Four Baggers,1.5
Jacob Foreman,Four Baggers,1.5
Justin Burton Jr,Four Baggers,1.5
Matthew Creekkiller,Four Baggers,1.5
Tubby Cobb,Four Baggers,1.5
Alex Rawls,Four Baggers,1.5
Blaine Rosier,Four Baggers,1.5
Chris Kingsbury,Four Baggers,1.5
Ryan Hart,Four Baggers,1.5
Sarah Cassidy,Four Baggers,1.5
Chuckie Love,Four Baggers,1.5
Jeremy Schermerhorn,Four Baggers,1.5
Jordan Power,Four Baggers,1.5
Mike Ferreira,Four Baggers,1.5
Alan Rawls,Four Baggers,1.5
Carter Bennett,Four Baggers,1.5
Cody Henderson,Four Baggers,1.5
Eric Zocklein,Four Baggers,1.5
Jay Dotson,Four Baggers,1.5
Jeremiah Hector,Four Baggers,1.5
Tanner Halbert,Four Baggers,1.5
Alec Ryon,Four Baggers,1.5
Bracey Blanton,Four Baggers,1.5
Nick Williams,Four Baggers,1.5
Peter Zazueta Jr,Four Baggers,1.5
Ricky Gonzales,Four Baggers,1.5
Ruben Medina,Four Baggers,1.5
Tony Smith,Four Baggers,1.5
Travis Purser,Four Baggers,1.5
Zachary Engelken,Four Baggers,1.5
Anthony Mayball,Four Baggers,1.5
Gavin Cano,Four Baggers,1.5
Isidro Herrera,Four Baggers,1.5
Matthew Troxell,Four Baggers,1.5
Ryan Windsor,Four Baggers,1.5
Steven Bernacet,Four Baggers,1.5
Bill Hadley,Four Baggers,1.5
Doug Zafft,Four Baggers,1.5
Jeff Reynolds,Four Baggers,1.5
Steve Schroeder,Four Baggers,1.5
Ty Lopez,Four Baggers,1.5
Derrick King,Four Baggers,1.5
Erick Davis,Four Baggers,1.5
Jamie Graham,Four Baggers,1.5
Kaylee Hunter,Four Baggers,1.5
Kevin Whitaker,Four Baggers,1.5
Mike Harvey,Four Baggers,1.5
Miranda Coy,Four Baggers,1.5
Bobby Hunt,Four Baggers,1.5
Caleb Franklin,Four Baggers,1.5
Dean Norton,Four Baggers,1.5
Duncan Clemmer,Four Baggers,1.5
Hunter Yaklin,Four Baggers,1.5
Kamryn Belvin,Four Baggers,1.5
Noah Wooten,Four Baggers,1.5
Ryan Smith,Four Baggers,1.5
Terry Mathis,Four Baggers,1.5
Travis Graven,Four Baggers,1.5
Blake Karnick,Four Baggers,1.5
Brandon Sehlmeyer,Four Baggers,1.5
Clint Parham,Four Baggers,1.5
Felix Vargas III,Four Baggers,1.5
Jimmy McGuffin,Four Baggers,1.5
Jordan Kimbrell,Four Baggers,1.5
Mark Richards,Four Baggers,1.5
Philip Lopez Jr.,Four Baggers,1.5
Rob Vojinov,Four Baggers,1.5
Timmy Jonas,Four Baggers,1.5
Tyler Poythress,Four Baggers,1.5
Nikola Jokic,Pts+Asts,38.5
Jimmy Butler,Pts+Asts,31.5
Jamal Murray,Pts+Asts,31.5
Bam Adebayo,Pts+Asts,22.5
Michael Porter Jr.,Pts+Asts,16.5
Gabe Vincent,Pts+Asts,17.5
Aaron Gordon,Pts+Asts,15.5
Max Strus,Pts+Asts,11.5
Bruce Brown,Pts+Asts,12.5
Kentavious Caldwell-Pope,Pts+Asts,11.5
